IdCourse;Dossard;Nom;Prenom;Ville;Province;Categorie;Temps;Abandon
49675906-37c9-486a-a802-8bdc8bf9ab97;1;FORTIN;CATHERINE;Calgary;Alberta;M5059;00:45:05;False
49675906-37c9-486a-a802-8bdc8bf9ab97;6;TREMBLAY;FRANÇOIS;Vancouver;ColombieBritannique;F5059;00:48:34;False
49675906-37c9-486a-a802-8bdc8bf9ab97;7;MARTEL;ÉMILIE;Miramichi;NouveauBrunswick;F3039;00:53:22;False
49675906-37c9-486a-a802-8bdc8bf9ab97;20;MORIN;SARAH;Steinbach;Manitoba;F2029;00:54:14;False
49675906-37c9-486a-a802-8bdc8bf9ab97;29;TREMBLAY;ANTOINE;Iqaluit;Nunavut;F2029;00:57:59;False
49675906-37c9-486a-a802-8bdc8bf9ab97;8;LAVOIE;GABRIEL;Grand Falls-Windsor;TerreNeuveLabrador;F5059;00:59:12;False
49675906-37c9-486a-a802-8bdc8bf9ab97;28;GIRARD;MARTIN;Gander;TerreNeuveLabrador;M3039;00:59:34;False
49675906-37c9-486a-a802-8bdc8bf9ab97;13;ROY;GABRIEL;Rankin Inlet;Nunavut;M6069;01:00:31;False
49675906-37c9-486a-a802-8bdc8bf9ab97;14;LAVOIE;MARTIN;Saskatoon;Saskatchewan;F5059;01:03:20;False
49675906-37c9-486a-a802-8bdc8bf9ab97;5;CLOUTIER;ÉMILIE;Hamilton;Ontario;M6069;01:04:09;False
49675906-37c9-486a-a802-8bdc8bf9ab97;24;ROY;MARTIN;Dawson City;Yukon;F4049;01:05:25;False
49675906-37c9-486a-a802-8bdc8bf9ab97;18;MARTEL;MAXIME;Cambridge Bay;Nunavut;M2029;01:07:29;False
49675906-37c9-486a-a802-8bdc8bf9ab97;15;ROBITAILLE;MAXIME;Inuvik;TerritoiresNordOuest;M5059;01:11:22;False
49675906-37c9-486a-a802-8bdc8bf9ab97;22;GIRARD;CAMILLE;Haines Junction;Yukon;M2029;01:12:44;False
49675906-37c9-486a-a802-8bdc8bf9ab97;12;CLOUTIER;SIMON;Trois-Rivières;Quebec;F3039;01:14:48;False
49675906-37c9-486a-a802-8bdc8bf9ab97;30;LEFEBVRE;FRANÇOIS;Québec;Quebec;F4049;01:16:33;False
49675906-37c9-486a-a802-8bdc8bf9ab97;33;MARTEL;SIMON;Winnipeg;Manitoba;F3039;01:21:28;False
49675906-37c9-486a-a802-8bdc8bf9ab97;27;TREMBLAY;MARIE;Summerside;IlePrinceEdouard;F3039;01:24:46;False
49675906-37c9-486a-a802-8bdc8bf9ab97;3;BERGERON;SOPHIE;Sherbrooke;Quebec;M4049;01:26:20;False
49675906-37c9-486a-a802-8bdc8bf9ab97;23;GAGNON;MARIE;Sydney;NouvelleEcosse;M3039;01:26:48;False
49675906-37c9-486a-a802-8bdc8bf9ab97;11;BOUCHARD;JEAN;Dartmouth;NouvelleEcosse;M4049;00:00:00;True
49675906-37c9-486a-a802-8bdc8bf9ab97;26;CLOUTIER;ÉMILIE;Whitehorse;Yukon;F2029;00:00:00;True
49675906-37c9-486a-a802-8bdc8bf9ab97;17;DUBOIS;JEAN;Victoria;ColombieBritannique;M3039;00:00:00;True
49675906-37c9-486a-a802-8bdc8bf9ab97;4;LÉVESQUE;SAMUEL;Brandon;Manitoba;F3039;00:00:00;True
49675906-37c9-486a-a802-8bdc8bf9ab97;19;MARTEL;JEAN;Regina;Saskatchewan;M5059;00:00:00;True
49675906-37c9-486a-a802-8bdc8bf9ab97;31;MARTEL;SAMUEL;Surrey;ColombieBritannique;F6069;00:00:00;True
49675906-37c9-486a-a802-8bdc8bf9ab97;10;MARTEL;MAXIME;Red Deer;Alberta;F2029;00:00:00;True
49675906-37c9-486a-a802-8bdc8bf9ab97;25;MORIN;LAURA;Fredericton;NouveauBrunswick;M4049;00:00:00;True
49675906-37c9-486a-a802-8bdc8bf9ab97;9;PELLETIER;ALEXANDRE;Toronto;Ontario;M5059;00:00:00;True
49675906-37c9-486a-a802-8bdc8bf9ab97;2;PELLETIER;MARTIN;Kelowna;ColombieBritannique;M2029;00:00:00;True
49675906-37c9-486a-a802-8bdc8bf9ab97;32;ROY;MAXIME;Truro;NouvelleEcosse;M6069;00:00:00;True
49675906-37c9-486a-a802-8bdc8bf9ab97;21;ROY;CATHERINE;Ottawa;Ontario;M4049;00:00:00;True
49675906-37c9-486a-a802-8bdc8bf9ab97;16;TREMBLAY;SOPHIE;Arviat;Nunavut;F2029;00:00:00;True
e7d91ff9-9e79-4b33-a4ab-8a83742bcb71;12;LAVOIE;SOPHIE;Corner Brook;TerreNeuveLabrador;F4049;02:39:50;False
e7d91ff9-9e79-4b33-a4ab-8a83742bcb71;20;LEFEBVRE;CAMILLE;Moncton;NouveauBrunswick;F2029;03:00:11;False
e7d91ff9-9e79-4b33-a4ab-8a83742bcb71;21;TREMBLAY;MARTIN;St. John's;TerreNeuveLabrador;F4049;03:05:16;False
e7d91ff9-9e79-4b33-a4ab-8a83742bcb71;22;GAUTHIER;SARAH;Dartmouth;NouvelleEcosse;F3039;03:11:33;False
e7d91ff9-9e79-4b33-a4ab-8a83742bcb71;14;BOUCHARD;OLIVIER;Dawson City;Yukon;M2029;03:30:32;False
e7d91ff9-9e79-4b33-a4ab-8a83742bcb71;13;BERGERON;THOMAS;Prince Albert;Saskatchewan;M5059;03:51:02;False
e7d91ff9-9e79-4b33-a4ab-8a83742bcb71;19;BERGERON;MARTIN;Saint John;NouveauBrunswick;F3039;04:00:41;False
e7d91ff9-9e79-4b33-a4ab-8a83742bcb71;9;PELLETIER;CHARLES;Red Deer;Alberta;M2029;04:07:38;False
e7d91ff9-9e79-4b33-a4ab-8a83742bcb71;8;MARTEL;LAURA;Regina;Saskatchewan;F3039;04:08:41;False
e7d91ff9-9e79-4b33-a4ab-8a83742bcb71;2;GIRARD;SAMUEL;Trois-Rivières;Quebec;F5059;04:27:43;False
e7d91ff9-9e79-4b33-a4ab-8a83742bcb71;15;TREMBLAY;SOPHIE;Lethbridge;Alberta;F6069;00:00:00;True
e7d91ff9-9e79-4b33-a4ab-8a83742bcb71;10;ROY;LAURA;Toronto;Ontario;F4049;00:00:00;True
e7d91ff9-9e79-4b33-a4ab-8a83742bcb71;11;GAUTHIER;ANTOINE;Rankin Inlet;Nunavut;M3039;00:00:00;True
e7d91ff9-9e79-4b33-a4ab-8a83742bcb71;5;BEAULIEU;FRANÇOIS;Charlottetown;IlePrinceEdouard;M6069;00:00:00;True
e7d91ff9-9e79-4b33-a4ab-8a83742bcb71;18;CLOUTIER;CAMILLE;Ottawa;Ontario;M6069;00:00:00;True
e7d91ff9-9e79-4b33-a4ab-8a83742bcb71;3;TREMBLAY;OLIVIER;Steinbach;Manitoba;F6069;00:00:00;True
e7d91ff9-9e79-4b33-a4ab-8a83742bcb71;4;MORIN;CAMILLE;Gander;TerreNeuveLabrador;F3039;00:00:00;True
e7d91ff9-9e79-4b33-a4ab-8a83742bcb71;7;BOUCHARD;ISABELLE;Miramichi;NouveauBrunswick;F3039;00:00:00;True
e7d91ff9-9e79-4b33-a4ab-8a83742bcb71;1;GAGNON;ISABELLE;Hay River;TerritoiresNordOuest;F4049;00:00:00;True
e7d91ff9-9e79-4b33-a4ab-8a83742bcb71;6;BOUCHARD;ÉMILIE;Iqaluit;Nunavut;M4049;00:00:00;True
e7d91ff9-9e79-4b33-a4ab-8a83742bcb71;16;BERGERON;MARTIN;Calgary;Alberta;M6069;00:00:00;True
e7d91ff9-9e79-4b33-a4ab-8a83742bcb71;17;GIRARD;ANTOINE;London;Ontario;F6069;00:00:00;True
c9394db1-6899-438b-85b6-5f312920d69e;2;ROY;ALEXANDRE;Winnipeg;Manitoba;F5059;01:35:33;False
c9394db1-6899-438b-85b6-5f312920d69e;7;PELLETIER;CAMILLE;Surrey;ColombieBritannique;M4049;01:38:33;False
c9394db1-6899-438b-85b6-5f312920d69e;19;DUBOIS;OLIVIER;Gander;TerreNeuveLabrador;F2029;01:58:22;False
c9394db1-6899-438b-85b6-5f312920d69e;8;GAUTHIER;MARIE;Cornwall;IlePrinceEdouard;M2029;01:58:49;False
c9394db1-6899-438b-85b6-5f312920d69e;16;GAGNON;THOMAS;Hamilton;Ontario;F2029;02:12:47;False
c9394db1-6899-438b-85b6-5f312920d69e;12;GRENIER;THOMAS;Watson Lake;Yukon;M2029;02:25:03;False
c9394db1-6899-438b-85b6-5f312920d69e;13;GAUTHIER;SOPHIE;Sydney;NouvelleEcosse;F2029;02:38:53;False
c9394db1-6899-438b-85b6-5f312920d69e;11;TREMBLAY;SOPHIE;Rankin Inlet;Nunavut;F5059;02:39:45;False
c9394db1-6899-438b-85b6-5f312920d69e;3;CÔTÉ;SOPHIE;Montréal;Quebec;F4049;02:45:26;False
c9394db1-6899-438b-85b6-5f312920d69e;10;BEAULIEU;SAMUEL;Fredericton;NouveauBrunswick;M6069;02:47:10;False
c9394db1-6899-438b-85b6-5f312920d69e;4;MORIN;MAXIME;Halifax;NouvelleEcosse;M2029;02:47:55;False
c9394db1-6899-438b-85b6-5f312920d69e;20;BOUCHARD;ANTOINE;Moose Jaw;Saskatchewan;F5059;00:00:00;True
c9394db1-6899-438b-85b6-5f312920d69e;18;CÔTÉ;OLIVIER;Thompson;Manitoba;F6069;00:00:00;True
c9394db1-6899-438b-85b6-5f312920d69e;5;FORTIN;MARIE;Moncton;NouveauBrunswick;F4049;00:00:00;True
c9394db1-6899-438b-85b6-5f312920d69e;14;FORTIN;CHARLES;Yellowknife;TerritoiresNordOuest;F6069;00:00:00;True
c9394db1-6899-438b-85b6-5f312920d69e;9;FORTIN;OLIVIER;Saskatoon;Saskatchewan;M5059;00:00:00;True
c9394db1-6899-438b-85b6-5f312920d69e;21;GAUTHIER;ÉMILIE;Truro;NouvelleEcosse;F4049;00:00:00;True
c9394db1-6899-438b-85b6-5f312920d69e;23;GAUTHIER;CAMILLE;Kelowna;ColombieBritannique;M6069;00:00:00;True
c9394db1-6899-438b-85b6-5f312920d69e;1;MARTEL;CHARLES;Victoria;ColombieBritannique;M5059;00:00:00;True
c9394db1-6899-438b-85b6-5f312920d69e;6;MARTEL;MARTIN;Québec;Quebec;M4049;00:00:00;True
c9394db1-6899-438b-85b6-5f312920d69e;17;ROBITAILLE;ANTOINE;Cambridge Bay;Nunavut;F4049;00:00:00;True
c9394db1-6899-438b-85b6-5f312920d69e;22;ROY;SARAH;Hay River;TerritoiresNordOuest;F5059;00:00:00;True
c9394db1-6899-438b-85b6-5f312920d69e;15;TREMBLAY;CATHERINE;Steinbach;Manitoba;M5059;00:00:00;True
d9bbcf7d-e528-4b59-90a3-889f31a6bc3c;4;MORIN;ANTOINE;Prince Albert;Saskatchewan;M5059;01:31:54;False
d9bbcf7d-e528-4b59-90a3-889f31a6bc3c;14;LAVOIE;SAMUEL;Trois-Rivières;Quebec;F3039;01:32:16;False
d9bbcf7d-e528-4b59-90a3-889f31a6bc3c;24;LAVOIE;OLIVIER;Fort Smith;TerritoiresNordOuest;F6069;01:37:50;False
d9bbcf7d-e528-4b59-90a3-889f31a6bc3c;20;CÔTÉ;MAXIME;Haines Junction;Yukon;F5059;01:39:56;False
d9bbcf7d-e528-4b59-90a3-889f31a6bc3c;8;CLOUTIER;SARAH;Summerside;IlePrinceEdouard;M4049;01:47:02;False
d9bbcf7d-e528-4b59-90a3-889f31a6bc3c;10;GRENIER;GABRIEL;Toronto;Ontario;M3039;01:48:23;False
d9bbcf7d-e528-4b59-90a3-889f31a6bc3c;26;BEAULIEU;ANTOINE;Yellowknife;TerritoiresNordOuest;M5059;01:52:30;False
d9bbcf7d-e528-4b59-90a3-889f31a6bc3c;2;GIRARD;MARTIN;Kelowna;ColombieBritannique;M6069;02:08:55;False
d9bbcf7d-e528-4b59-90a3-889f31a6bc3c;7;LÉVESQUE;CATHERINE;Thompson;Manitoba;F2029;02:12:02;False
d9bbcf7d-e528-4b59-90a3-889f31a6bc3c;9;MORIN;ÉMILIE;Saint John;NouveauBrunswick;M2029;02:13:11;False
d9bbcf7d-e528-4b59-90a3-889f31a6bc3c;15;BEAULIEU;FRANÇOIS;Ottawa;Ontario;M5059;02:14:03;False
d9bbcf7d-e528-4b59-90a3-889f31a6bc3c;6;GIRARD;MARTIN;Surrey;ColombieBritannique;F5059;02:17:23;False
d9bbcf7d-e528-4b59-90a3-889f31a6bc3c;16;TREMBLAY;LAURA;Vancouver;ColombieBritannique;M6069;02:18:15;False
d9bbcf7d-e528-4b59-90a3-889f31a6bc3c;1;BOUCHARD;CATHERINE;Cornwall;IlePrinceEdouard;M5059;02:19:33;False
d9bbcf7d-e528-4b59-90a3-889f31a6bc3c;3;LEFEBVRE;THOMAS;Dawson City;Yukon;F4049;02:22:12;False
d9bbcf7d-e528-4b59-90a3-889f31a6bc3c;18;DUBOIS;SAMUEL;Cambridge Bay;Nunavut;F4049;02:23:33;False
d9bbcf7d-e528-4b59-90a3-889f31a6bc3c;12;PELLETIER;ANTOINE;Victoria;ColombieBritannique;F4049;02:28:43;False
d9bbcf7d-e528-4b59-90a3-889f31a6bc3c;25;BEAULIEU;MARIE;Hay River;TerritoiresNordOuest;F4049;00:00:00;True
d9bbcf7d-e528-4b59-90a3-889f31a6bc3c;21;CLOUTIER;MAXIME;Stratford;IlePrinceEdouard;M5059;00:00:00;True
d9bbcf7d-e528-4b59-90a3-889f31a6bc3c;23;FORTIN;CATHERINE;Whitehorse;Yukon;M3039;00:00:00;True
d9bbcf7d-e528-4b59-90a3-889f31a6bc3c;13;GAGNON;CATHERINE;Moose Jaw;Saskatchewan;M3039;00:00:00;True
d9bbcf7d-e528-4b59-90a3-889f31a6bc3c;22;GAGNON;ÉMILIE;Red Deer;Alberta;M2029;00:00:00;True
d9bbcf7d-e528-4b59-90a3-889f31a6bc3c;5;GAGNON;ISABELLE;Charlottetown;IlePrinceEdouard;F5059;00:00:00;True
d9bbcf7d-e528-4b59-90a3-889f31a6bc3c;11;GIRARD;FRANÇOIS;Steinbach;Manitoba;F5059;00:00:00;True
d9bbcf7d-e528-4b59-90a3-889f31a6bc3c;17;GIRARD;GABRIEL;Saskatoon;Saskatchewan;M3039;00:00:00;True
d9bbcf7d-e528-4b59-90a3-889f31a6bc3c;19;ROY;CAMILLE;Edmonton;Alberta;M2029;00:00:00;True
93e72c27-8a1f-492a-90d2-06e98f95147e;19;BERGERON;MARTIN;Inuvik;TerritoiresNordOuest;M6069;02:33:46;False
93e72c27-8a1f-492a-90d2-06e98f95147e;5;BERGERON;CHARLES;St. John's;TerreNeuveLabrador;F5059;03:03:06;False
93e72c27-8a1f-492a-90d2-06e98f95147e;18;CÔTÉ;SOPHIE;Gander;TerreNeuveLabrador;M3039;03:29:39;False
93e72c27-8a1f-492a-90d2-06e98f95147e;16;ROY;SIMON;Ottawa;Ontario;M4049;03:34:42;False
93e72c27-8a1f-492a-90d2-06e98f95147e;1;ROBITAILLE;CATHERINE;Kelowna;ColombieBritannique;M4049;03:53:04;False
93e72c27-8a1f-492a-90d2-06e98f95147e;25;BEAULIEU;MAXIME;Vancouver;ColombieBritannique;M3039;03:56:58;False
93e72c27-8a1f-492a-90d2-06e98f95147e;12;BEAULIEU;JEAN;Montréal;Quebec;M6069;04:09:00;False
93e72c27-8a1f-492a-90d2-06e98f95147e;9;GIRARD;MAXIME;Prince Albert;Saskatchewan;M2029;04:14:10;False
93e72c27-8a1f-492a-90d2-06e98f95147e;32;FORTIN;MAXIME;Victoria;ColombieBritannique;M4049;04:23:07;False
93e72c27-8a1f-492a-90d2-06e98f95147e;27;DUBOIS;SIMON;Trois-Rivières;Quebec;F3039;04:26:55;False
93e72c27-8a1f-492a-90d2-06e98f95147e;3;FORTIN;MARTIN;London;Ontario;M4049;04:51:01;False
93e72c27-8a1f-492a-90d2-06e98f95147e;10;FORTIN;SARAH;Toronto;Ontario;M3039;04:54:00;False
93e72c27-8a1f-492a-90d2-06e98f95147e;8;BEAULIEU;SIMON;Charlottetown;IlePrinceEdouard;F6069;00:00:00;True
93e72c27-8a1f-492a-90d2-06e98f95147e;22;BEAULIEU;FRANÇOIS;Stratford;IlePrinceEdouard;M2029;00:00:00;True
93e72c27-8a1f-492a-90d2-06e98f95147e;30;BERGERON;SAMUEL;Saskatoon;Saskatchewan;M3039;00:00:00;True
93e72c27-8a1f-492a-90d2-06e98f95147e;7;BOUCHARD;ALEXANDRE;Steinbach;Manitoba;F3039;00:00:00;True
93e72c27-8a1f-492a-90d2-06e98f95147e;23;BOUCHARD;ALEXANDRE;Sherbrooke;Quebec;F4049;00:00:00;True
93e72c27-8a1f-492a-90d2-06e98f95147e;26;CLOUTIER;FRANÇOIS;Whitehorse;Yukon;M6069;00:00:00;True
93e72c27-8a1f-492a-90d2-06e98f95147e;20;CÔTÉ;SAMUEL;Halifax;NouvelleEcosse;F5059;00:00:00;True
93e72c27-8a1f-492a-90d2-06e98f95147e;11;CÔTÉ;THOMAS;Cambridge Bay;Nunavut;F5059;00:00:00;True
93e72c27-8a1f-492a-90d2-06e98f95147e;17;DUBOIS;CAMILLE;Red Deer;Alberta;F5059;00:00:00;True
93e72c27-8a1f-492a-90d2-06e98f95147e;15;DUBOIS;ÉMILIE;Moose Jaw;Saskatchewan;F4049;00:00:00;True
93e72c27-8a1f-492a-90d2-06e98f95147e;28;DUBOIS;SAMUEL;Thompson;Manitoba;M5059;00:00:00;True
93e72c27-8a1f-492a-90d2-06e98f95147e;6;FORTIN;SOPHIE;Edmonton;Alberta;F5059;00:00:00;True
93e72c27-8a1f-492a-90d2-06e98f95147e;13;GRENIER;THOMAS;Arviat;Nunavut;M4049;00:00:00;True
93e72c27-8a1f-492a-90d2-06e98f95147e;29;LEFEBVRE;MARTIN;Québec;Quebec;F6069;00:00:00;True
93e72c27-8a1f-492a-90d2-06e98f95147e;31;LÉVESQUE;ALEXANDRE;Surrey;ColombieBritannique;F3039;00:00:00;True
93e72c27-8a1f-492a-90d2-06e98f95147e;4;LÉVESQUE;LAURA;Saint John;NouveauBrunswick;M6069;00:00:00;True
93e72c27-8a1f-492a-90d2-06e98f95147e;24;LÉVESQUE;CHARLES;Sydney;NouvelleEcosse;F4049;00:00:00;True
93e72c27-8a1f-492a-90d2-06e98f95147e;14;MORIN;MARTIN;Truro;NouvelleEcosse;F4049;00:00:00;True
93e72c27-8a1f-492a-90d2-06e98f95147e;2;ROBITAILLE;ISABELLE;Haines Junction;Yukon;M2029;00:00:00;True
93e72c27-8a1f-492a-90d2-06e98f95147e;21;ROY;OLIVIER;Dawson City;Yukon;M6069;00:00:00;True
0de0a276-5016-4e2d-b1cf-fd775f30ce12;10;TREMBLAY;CHARLES;Saint John;NouveauBrunswick;F3039;02:32:34;False
0de0a276-5016-4e2d-b1cf-fd775f30ce12;28;BEAULIEU;JEAN;Gander;TerreNeuveLabrador;M6069;02:48:13;False
0de0a276-5016-4e2d-b1cf-fd775f30ce12;31;GRENIER;SAMUEL;Prince Albert;Saskatchewan;F5059;02:49:42;False
0de0a276-5016-4e2d-b1cf-fd775f30ce12;5;GAGNON;CAMILLE;Hay River;TerritoiresNordOuest;F4049;02:53:01;False
0de0a276-5016-4e2d-b1cf-fd775f30ce12;33;ROBITAILLE;OLIVIER;Trois-Rivières;Quebec;F3039;02:56:07;False
0de0a276-5016-4e2d-b1cf-fd775f30ce12;16;LÉVESQUE;MARIE;Charlottetown;IlePrinceEdouard;M3039;02:57:57;False
0de0a276-5016-4e2d-b1cf-fd775f30ce12;35;LEFEBVRE;CHARLES;Watson Lake;Yukon;M4049;03:08:51;False
0de0a276-5016-4e2d-b1cf-fd775f30ce12;24;MARTEL;GABRIEL;Saskatoon;Saskatchewan;M6069;03:11:40;False
0de0a276-5016-4e2d-b1cf-fd775f30ce12;27;BEAULIEU;OLIVIER;St. John's;TerreNeuveLabrador;M4049;03:12:03;False
0de0a276-5016-4e2d-b1cf-fd775f30ce12;23;MORIN;SARAH;Stratford;IlePrinceEdouard;F3039;03:19:43;False
0de0a276-5016-4e2d-b1cf-fd775f30ce12;6;ROBITAILLE;MARTIN;Haines Junction;Yukon;F3039;03:26:12;False
0de0a276-5016-4e2d-b1cf-fd775f30ce12;18;FORTIN;MARTIN;Thompson;Manitoba;M2029;03:32:43;False
0de0a276-5016-4e2d-b1cf-fd775f30ce12;12;GIRARD;CATHERINE;Iqaluit;Nunavut;M6069;03:34:04;False
0de0a276-5016-4e2d-b1cf-fd775f30ce12;2;BEAULIEU;SARAH;Kelowna;ColombieBritannique;M3039;03:50:35;False
0de0a276-5016-4e2d-b1cf-fd775f30ce12;25;LEFEBVRE;FRANÇOIS;Fredericton;NouveauBrunswick;F5059;04:03:20;False
0de0a276-5016-4e2d-b1cf-fd775f30ce12;14;GAGNON;THOMAS;London;Ontario;F6069;04:15:58;False
0de0a276-5016-4e2d-b1cf-fd775f30ce12;26;GRENIER;CHARLES;Steinbach;Manitoba;M6069;04:16:49;False
0de0a276-5016-4e2d-b1cf-fd775f30ce12;11;MORIN;THOMAS;Dawson City;Yukon;F4049;04:40:49;False
0de0a276-5016-4e2d-b1cf-fd775f30ce12;22;LÉVESQUE;OLIVIER;Brandon;Manitoba;F3039;04:43:02;False
0de0a276-5016-4e2d-b1cf-fd775f30ce12;30;DUBOIS;ISABELLE;Québec;Quebec;M5059;04:57:33;False
0de0a276-5016-4e2d-b1cf-fd775f30ce12;32;BEAULIEU;MAXIME;Toronto;Ontario;F6069;00:00:00;True
0de0a276-5016-4e2d-b1cf-fd775f30ce12;29;LAVOIE;LAURA;Summerside;IlePrinceEdouard;M3039;00:00:00;True
0de0a276-5016-4e2d-b1cf-fd775f30ce12;19;GRENIER;SAMUEL;Surrey;ColombieBritannique;M3039;00:00:00;True
0de0a276-5016-4e2d-b1cf-fd775f30ce12;7;ROBITAILLE;ÉMILIE;Miramichi;NouveauBrunswick;M6069;00:00:00;True
0de0a276-5016-4e2d-b1cf-fd775f30ce12;9;BERGERON;CHARLES;Whitehorse;Yukon;F4049;00:00:00;True
0de0a276-5016-4e2d-b1cf-fd775f30ce12;8;CÔTÉ;JEAN;Moose Jaw;Saskatchewan;F3039;00:00:00;True
0de0a276-5016-4e2d-b1cf-fd775f30ce12;1;BERGERON;SARAH;Ottawa;Ontario;M5059;00:00:00;True
0de0a276-5016-4e2d-b1cf-fd775f30ce12;20;TREMBLAY;ÉMILIE;Arviat;Nunavut;F4049;00:00:00;True
0de0a276-5016-4e2d-b1cf-fd775f30ce12;21;BERGERON;ISABELLE;Lethbridge;Alberta;F2029;00:00:00;True
0de0a276-5016-4e2d-b1cf-fd775f30ce12;13;CLOUTIER;SIMON;Edmonton;Alberta;M3039;00:00:00;True
0de0a276-5016-4e2d-b1cf-fd775f30ce12;34;FORTIN;ANTOINE;Regina;Saskatchewan;M5059;00:00:00;True
0de0a276-5016-4e2d-b1cf-fd775f30ce12;17;BERGERON;CAMILLE;Winnipeg;Manitoba;F6069;00:00:00;True
0de0a276-5016-4e2d-b1cf-fd775f30ce12;3;MORIN;LAURA;Victoria;ColombieBritannique;F5059;00:00:00;True
0de0a276-5016-4e2d-b1cf-fd775f30ce12;15;CLOUTIER;JEAN;Cambridge Bay;Nunavut;M3039;00:00:00;True
0de0a276-5016-4e2d-b1cf-fd775f30ce12;4;MORIN;SOPHIE;Cornwall;IlePrinceEdouard;M5059;00:00:00;True
6963194b-1a57-49de-9365-f1bd6bcdcbfd;7;GRENIER;MARTIN;Gander;TerreNeuveLabrador;F4049;02:01:04;False
6963194b-1a57-49de-9365-f1bd6bcdcbfd;20;BERGERON;JEAN;Stratford;IlePrinceEdouard;F5059;02:04:12;False
6963194b-1a57-49de-9365-f1bd6bcdcbfd;33;GAUTHIER;SOPHIE;Whitehorse;Yukon;F2029;02:04:32;False
6963194b-1a57-49de-9365-f1bd6bcdcbfd;28;GIRARD;ISABELLE;Calgary;Alberta;F5059;02:06:09;False
6963194b-1a57-49de-9365-f1bd6bcdcbfd;22;DUBOIS;JEAN;Charlottetown;IlePrinceEdouard;F6069;02:09:04;False
6963194b-1a57-49de-9365-f1bd6bcdcbfd;24;LEFEBVRE;CHARLES;Cambridge Bay;Nunavut;F4049;02:33:05;False
6963194b-1a57-49de-9365-f1bd6bcdcbfd;15;BEAULIEU;ISABELLE;Victoria;ColombieBritannique;F6069;02:47:14;False
6963194b-1a57-49de-9365-f1bd6bcdcbfd;34;FORTIN;MAXIME;Haines Junction;Yukon;M5059;02:54:53;False
6963194b-1a57-49de-9365-f1bd6bcdcbfd;21;MARTEL;THOMAS;Inuvik;TerritoiresNordOuest;F3039;02:57:43;False
6963194b-1a57-49de-9365-f1bd6bcdcbfd;14;GAGNON;CAMILLE;Ottawa;Ontario;F2029;03:15:46;False
6963194b-1a57-49de-9365-f1bd6bcdcbfd;25;ROY;SARAH;Toronto;Ontario;M5059;03:18:02;False
6963194b-1a57-49de-9365-f1bd6bcdcbfd;12;BEAULIEU;CATHERINE;Rankin Inlet;Nunavut;M5059;03:20:15;False
6963194b-1a57-49de-9365-f1bd6bcdcbfd;37;BEAULIEU;MAXIME;Saint John;NouveauBrunswick;M5059;03:20:37;False
6963194b-1a57-49de-9365-f1bd6bcdcbfd;32;CÔTÉ;MARTIN;Moncton;NouveauBrunswick;F5059;03:26:24;False
6963194b-1a57-49de-9365-f1bd6bcdcbfd;11;GRENIER;GABRIEL;Dartmouth;NouvelleEcosse;M6069;03:31:25;False
6963194b-1a57-49de-9365-f1bd6bcdcbfd;5;GAUTHIER;ISABELLE;Corner Brook;TerreNeuveLabrador;F3039;03:33:22;False
6963194b-1a57-49de-9365-f1bd6bcdcbfd;27;TREMBLAY;MARTIN;Montréal;Quebec;M4049;03:37:51;False
6963194b-1a57-49de-9365-f1bd6bcdcbfd;30;MORIN;FRANÇOIS;Truro;NouvelleEcosse;F3039;03:38:12;False
6963194b-1a57-49de-9365-f1bd6bcdcbfd;23;GAGNON;SARAH;Sydney;NouvelleEcosse;M4049;03:40:16;False
6963194b-1a57-49de-9365-f1bd6bcdcbfd;19;ROBITAILLE;LAURA;Winnipeg;Manitoba;F5059;03:58:58;False
6963194b-1a57-49de-9365-f1bd6bcdcbfd;6;BOUCHARD;THOMAS;Brandon;Manitoba;F5059;00:00:00;True
6963194b-1a57-49de-9365-f1bd6bcdcbfd;2;CLOUTIER;CHARLES;St. John's;TerreNeuveLabrador;M5059;00:00:00;True
6963194b-1a57-49de-9365-f1bd6bcdcbfd;8;FORTIN;SAMUEL;Red Deer;Alberta;M3039;00:00:00;True
6963194b-1a57-49de-9365-f1bd6bcdcbfd;36;GAGNON;OLIVIER;Arviat;Nunavut;M3039;00:00:00;True
6963194b-1a57-49de-9365-f1bd6bcdcbfd;26;GAUTHIER;FRANÇOIS;Grand Falls-Windsor;TerreNeuveLabrador;F5059;00:00:00;True
6963194b-1a57-49de-9365-f1bd6bcdcbfd;18;GAUTHIER;ALEXANDRE;Thompson;Manitoba;F5059;00:00:00;True
6963194b-1a57-49de-9365-f1bd6bcdcbfd;29;GAUTHIER;FRANÇOIS;Summerside;IlePrinceEdouard;M2029;00:00:00;True
6963194b-1a57-49de-9365-f1bd6bcdcbfd;1;GRENIER;THOMAS;Surrey;ColombieBritannique;F5059;00:00:00;True
6963194b-1a57-49de-9365-f1bd6bcdcbfd;16;MARTEL;ANTOINE;Dawson City;Yukon;M3039;00:00:00;True
6963194b-1a57-49de-9365-f1bd6bcdcbfd;31;MARTEL;SOPHIE;Sherbrooke;Quebec;F2029;00:00:00;True
6963194b-1a57-49de-9365-f1bd6bcdcbfd;17;MORIN;THOMAS;Fredericton;NouveauBrunswick;M5059;00:00:00;True
6963194b-1a57-49de-9365-f1bd6bcdcbfd;4;MORIN;CAMILLE;Québec;Quebec;M4049;00:00:00;True
6963194b-1a57-49de-9365-f1bd6bcdcbfd;3;PELLETIER;THOMAS;Watson Lake;Yukon;M4049;00:00:00;True
6963194b-1a57-49de-9365-f1bd6bcdcbfd;13;PELLETIER;CATHERINE;Trois-Rivières;Quebec;F4049;00:00:00;True
6963194b-1a57-49de-9365-f1bd6bcdcbfd;10;ROY;THOMAS;Moose Jaw;Saskatchewan;F5059;00:00:00;True
6963194b-1a57-49de-9365-f1bd6bcdcbfd;35;ROY;SIMON;Fort Smith;TerritoiresNordOuest;F6069;00:00:00;True
6963194b-1a57-49de-9365-f1bd6bcdcbfd;9;ROY;FRANÇOIS;Edmonton;Alberta;M6069;00:00:00;True
3f1bd8a1-26ed-4013-93a1-85f088eeb05b;31;CÔTÉ;ÉMILIE;Moncton;NouveauBrunswick;F6069;00:32:52;False
3f1bd8a1-26ed-4013-93a1-85f088eeb05b;2;GAUTHIER;LAURA;Brandon;Manitoba;F5059;00:33:46;False
3f1bd8a1-26ed-4013-93a1-85f088eeb05b;24;CÔTÉ;SOPHIE;Kelowna;ColombieBritannique;F5059;00:34:58;False
3f1bd8a1-26ed-4013-93a1-85f088eeb05b;32;ROY;SOPHIE;Cornwall;IlePrinceEdouard;M3039;00:37:01;False
3f1bd8a1-26ed-4013-93a1-85f088eeb05b;6;LAVOIE;ÉMILIE;Toronto;Ontario;M5059;00:40:28;False
3f1bd8a1-26ed-4013-93a1-85f088eeb05b;11;LÉVESQUE;OLIVIER;Victoria;ColombieBritannique;M4049;00:41:38;False
3f1bd8a1-26ed-4013-93a1-85f088eeb05b;4;TREMBLAY;SARAH;Sherbrooke;Quebec;F3039;00:43:55;False
3f1bd8a1-26ed-4013-93a1-85f088eeb05b;10;CLOUTIER;MARIE;Hamilton;Ontario;M3039;00:44:44;False
3f1bd8a1-26ed-4013-93a1-85f088eeb05b;18;BOUCHARD;CHARLES;Gander;TerreNeuveLabrador;M3039;00:45:08;False
3f1bd8a1-26ed-4013-93a1-85f088eeb05b;36;BOUCHARD;ISABELLE;Saint John;NouveauBrunswick;M4049;00:45:28;False
3f1bd8a1-26ed-4013-93a1-85f088eeb05b;29;LÉVESQUE;OLIVIER;Summerside;IlePrinceEdouard;M5059;00:46:36;False
3f1bd8a1-26ed-4013-93a1-85f088eeb05b;17;BEAULIEU;SAMUEL;Thompson;Manitoba;F4049;00:46:57;False
3f1bd8a1-26ed-4013-93a1-85f088eeb05b;21;LEFEBVRE;SOPHIE;Grand Falls-Windsor;TerreNeuveLabrador;M6069;00:53:56;False
3f1bd8a1-26ed-4013-93a1-85f088eeb05b;9;MARTEL;SARAH;Prince Albert;Saskatchewan;F2029;00:54:02;False
3f1bd8a1-26ed-4013-93a1-85f088eeb05b;27;BEAULIEU;JEAN;Steinbach;Manitoba;F3039;00:55:05;False
3f1bd8a1-26ed-4013-93a1-85f088eeb05b;13;GRENIER;CHARLES;Hay River;TerritoiresNordOuest;F4049;00:56:20;False
3f1bd8a1-26ed-4013-93a1-85f088eeb05b;8;GAUTHIER;FRANÇOIS;Québec;Quebec;M2029;00:56:36;False
3f1bd8a1-26ed-4013-93a1-85f088eeb05b;16;TREMBLAY;SOPHIE;Winnipeg;Manitoba;M3039;00:59:35;False
3f1bd8a1-26ed-4013-93a1-85f088eeb05b;28;FORTIN;CHARLES;Haines Junction;Yukon;M6069;00:00:00;True
3f1bd8a1-26ed-4013-93a1-85f088eeb05b;7;CLOUTIER;ÉMILIE;Watson Lake;Yukon;F3039;00:00:00;True
3f1bd8a1-26ed-4013-93a1-85f088eeb05b;26;LÉVESQUE;ANTOINE;Montréal;Quebec;M5059;00:00:00;True
3f1bd8a1-26ed-4013-93a1-85f088eeb05b;19;BOUCHARD;SARAH;Yellowknife;TerritoiresNordOuest;M6069;00:00:00;True
3f1bd8a1-26ed-4013-93a1-85f088eeb05b;30;LAVOIE;THOMAS;Fort Smith;TerritoiresNordOuest;F2029;00:00:00;True
3f1bd8a1-26ed-4013-93a1-85f088eeb05b;14;GIRARD;MAXIME;Cambridge Bay;Nunavut;M5059;00:00:00;True
3f1bd8a1-26ed-4013-93a1-85f088eeb05b;1;BEAULIEU;CAMILLE;London;Ontario;M6069;00:00:00;True
3f1bd8a1-26ed-4013-93a1-85f088eeb05b;15;LEFEBVRE;ALEXANDRE;Truro;NouvelleEcosse;F6069;00:00:00;True
3f1bd8a1-26ed-4013-93a1-85f088eeb05b;25;ROBITAILLE;GABRIEL;Calgary;Alberta;M2029;00:00:00;True
3f1bd8a1-26ed-4013-93a1-85f088eeb05b;33;LAVOIE;SAMUEL;Corner Brook;TerreNeuveLabrador;F6069;00:00:00;True
3f1bd8a1-26ed-4013-93a1-85f088eeb05b;5;GAUTHIER;MARTIN;Halifax;NouvelleEcosse;M5059;00:00:00;True
3f1bd8a1-26ed-4013-93a1-85f088eeb05b;34;GIRARD;ISABELLE;Stratford;IlePrinceEdouard;F3039;00:00:00;True
3f1bd8a1-26ed-4013-93a1-85f088eeb05b;3;MORIN;ANTOINE;Charlottetown;IlePrinceEdouard;M2029;00:00:00;True
3f1bd8a1-26ed-4013-93a1-85f088eeb05b;35;MARTEL;ÉMILIE;Iqaluit;Nunavut;F3039;00:00:00;True
3f1bd8a1-26ed-4013-93a1-85f088eeb05b;22;GAUTHIER;SARAH;Trois-Rivières;Quebec;M3039;00:00:00;True
3f1bd8a1-26ed-4013-93a1-85f088eeb05b;12;CLOUTIER;ANTOINE;Fredericton;NouveauBrunswick;F2029;00:00:00;True
3f1bd8a1-26ed-4013-93a1-85f088eeb05b;23;CLOUTIER;MARIE;Surrey;ColombieBritannique;M6069;00:00:00;True
3f1bd8a1-26ed-4013-93a1-85f088eeb05b;20;ROY;OLIVIER;Arviat;Nunavut;M6069;00:00:00;True
9b1a8e0d-ba81-4e68-a612-d904e497f1d8;15;ROBITAILLE;SIMON;Iqaluit;Nunavut;F6069;00:45:26;False
9b1a8e0d-ba81-4e68-a612-d904e497f1d8;6;MARTEL;GABRIEL;Stratford;IlePrinceEdouard;F5059;00:49:50;False
9b1a8e0d-ba81-4e68-a612-d904e497f1d8;18;GRENIER;SIMON;Toronto;Ontario;M4049;00:50:13;False
9b1a8e0d-ba81-4e68-a612-d904e497f1d8;9;PELLETIER;LAURA;Hamilton;Ontario;F5059;00:51:23;False
9b1a8e0d-ba81-4e68-a612-d904e497f1d8;7;ROY;OLIVIER;Inuvik;TerritoiresNordOuest;F6069;01:03:42;False
9b1a8e0d-ba81-4e68-a612-d904e497f1d8;5;GRENIER;JEAN;Rankin Inlet;Nunavut;F2029;01:04:51;False
9b1a8e0d-ba81-4e68-a612-d904e497f1d8;20;DUBOIS;JEAN;Sydney;NouvelleEcosse;M4049;01:08:11;False
9b1a8e0d-ba81-4e68-a612-d904e497f1d8;2;LEFEBVRE;SIMON;Moncton;NouveauBrunswick;F6069;01:14:02;False
9b1a8e0d-ba81-4e68-a612-d904e497f1d8;1;GAGNON;ISABELLE;Grand Falls-Windsor;TerreNeuveLabrador;F5059;01:14:21;False
9b1a8e0d-ba81-4e68-a612-d904e497f1d8;23;ROBITAILLE;THOMAS;Trois-Rivières;Quebec;M4049;01:19:51;False
9b1a8e0d-ba81-4e68-a612-d904e497f1d8;13;GRENIER;THOMAS;Fort Smith;TerritoiresNordOuest;M5059;01:28:26;False
9b1a8e0d-ba81-4e68-a612-d904e497f1d8;17;LAVOIE;ANTOINE;Dartmouth;NouvelleEcosse;M5059;00:00:00;True
9b1a8e0d-ba81-4e68-a612-d904e497f1d8;11;LEFEBVRE;ÉMILIE;Montréal;Quebec;F5059;00:00:00;True
9b1a8e0d-ba81-4e68-a612-d904e497f1d8;3;DUBOIS;MARIE;Winnipeg;Manitoba;M5059;00:00:00;True
9b1a8e0d-ba81-4e68-a612-d904e497f1d8;12;LAVOIE;SOPHIE;Surrey;ColombieBritannique;M4049;00:00:00;True
9b1a8e0d-ba81-4e68-a612-d904e497f1d8;10;BERGERON;MARIE;Steinbach;Manitoba;F4049;00:00:00;True
9b1a8e0d-ba81-4e68-a612-d904e497f1d8;14;FORTIN;ÉMILIE;Fredericton;NouveauBrunswick;F4049;00:00:00;True
9b1a8e0d-ba81-4e68-a612-d904e497f1d8;19;GAGNON;ÉMILIE;Edmonton;Alberta;M2029;00:00:00;True
9b1a8e0d-ba81-4e68-a612-d904e497f1d8;16;PELLETIER;ÉMILIE;Moose Jaw;Saskatchewan;M2029;00:00:00;True
9b1a8e0d-ba81-4e68-a612-d904e497f1d8;24;GAGNON;CHARLES;Prince Albert;Saskatchewan;F2029;00:00:00;True
9b1a8e0d-ba81-4e68-a612-d904e497f1d8;22;CLOUTIER;ALEXANDRE;Vancouver;ColombieBritannique;F2029;00:00:00;True
9b1a8e0d-ba81-4e68-a612-d904e497f1d8;8;BEAULIEU;LAURA;Miramichi;NouveauBrunswick;M3039;00:00:00;True
9b1a8e0d-ba81-4e68-a612-d904e497f1d8;4;BEAULIEU;FRANÇOIS;Gander;TerreNeuveLabrador;F3039;00:00:00;True
9b1a8e0d-ba81-4e68-a612-d904e497f1d8;21;TREMBLAY;LAURA;Saskatoon;Saskatchewan;F2029;00:00:00;True
b45fdd8d-2422-4039-85aa-a799e00f8e41;15;DUBOIS;THOMAS;Sherbrooke;Quebec;M2029;01:39:53;False
b45fdd8d-2422-4039-85aa-a799e00f8e41;11;MORIN;CAMILLE;Watson Lake;Yukon;M6069;01:40:34;False
b45fdd8d-2422-4039-85aa-a799e00f8e41;29;MARTEL;JEAN;Regina;Saskatchewan;F3039;01:43:50;False
b45fdd8d-2422-4039-85aa-a799e00f8e41;27;CLOUTIER;JEAN;Cambridge Bay;Nunavut;F4049;01:44:58;False
b45fdd8d-2422-4039-85aa-a799e00f8e41;25;LÉVESQUE;ANTOINE;Arviat;Nunavut;F6069;02:08:00;False
b45fdd8d-2422-4039-85aa-a799e00f8e41;3;ROBITAILLE;SAMUEL;Vancouver;ColombieBritannique;F3039;02:13:17;False
b45fdd8d-2422-4039-85aa-a799e00f8e41;20;CÔTÉ;FRANÇOIS;Grand Falls-Windsor;TerreNeuveLabrador;F5059;02:18:29;False
b45fdd8d-2422-4039-85aa-a799e00f8e41;4;CÔTÉ;MAXIME;Toronto;Ontario;M2029;02:26:14;False
b45fdd8d-2422-4039-85aa-a799e00f8e41;13;GRENIER;MAXIME;Moose Jaw;Saskatchewan;F4049;02:31:36;False
b45fdd8d-2422-4039-85aa-a799e00f8e41;5;CLOUTIER;CAMILLE;Corner Brook;TerreNeuveLabrador;F4049;02:33:27;False
b45fdd8d-2422-4039-85aa-a799e00f8e41;31;PELLETIER;MARIE;Dartmouth;NouvelleEcosse;M6069;02:47:31;False
b45fdd8d-2422-4039-85aa-a799e00f8e41;24;MORIN;CATHERINE;Rankin Inlet;Nunavut;F6069;00:00:00;True
b45fdd8d-2422-4039-85aa-a799e00f8e41;16;PELLETIER;MARIE;Miramichi;NouveauBrunswick;M6069;00:00:00;True
b45fdd8d-2422-4039-85aa-a799e00f8e41;10;MORIN;JEAN;Québec;Quebec;M3039;00:00:00;True
b45fdd8d-2422-4039-85aa-a799e00f8e41;26;ROY;ALEXANDRE;Calgary;Alberta;F5059;00:00:00;True
b45fdd8d-2422-4039-85aa-a799e00f8e41;12;FORTIN;ANTOINE;Stratford;IlePrinceEdouard;M3039;00:00:00;True
b45fdd8d-2422-4039-85aa-a799e00f8e41;6;ROY;CATHERINE;Haines Junction;Yukon;F5059;00:00:00;True
b45fdd8d-2422-4039-85aa-a799e00f8e41;17;PELLETIER;ÉMILIE;Victoria;ColombieBritannique;M6069;00:00:00;True
b45fdd8d-2422-4039-85aa-a799e00f8e41;22;BERGERON;CHARLES;Inuvik;TerritoiresNordOuest;F4049;00:00:00;True
b45fdd8d-2422-4039-85aa-a799e00f8e41;9;BOUCHARD;FRANÇOIS;London;Ontario;F5059;00:00:00;True
b45fdd8d-2422-4039-85aa-a799e00f8e41;18;MARTEL;JEAN;Hamilton;Ontario;F2029;00:00:00;True
b45fdd8d-2422-4039-85aa-a799e00f8e41;14;MORIN;LAURA;Gander;TerreNeuveLabrador;F6069;00:00:00;True
b45fdd8d-2422-4039-85aa-a799e00f8e41;21;FORTIN;FRANÇOIS;Sydney;NouvelleEcosse;M2029;00:00:00;True
b45fdd8d-2422-4039-85aa-a799e00f8e41;2;FORTIN;OLIVIER;Halifax;NouvelleEcosse;F3039;00:00:00;True
b45fdd8d-2422-4039-85aa-a799e00f8e41;30;BOUCHARD;OLIVIER;Yellowknife;TerritoiresNordOuest;M5059;00:00:00;True
b45fdd8d-2422-4039-85aa-a799e00f8e41;23;CLOUTIER;GABRIEL;Cornwall;IlePrinceEdouard;F2029;00:00:00;True
b45fdd8d-2422-4039-85aa-a799e00f8e41;8;CÔTÉ;MARTIN;Red Deer;Alberta;F3039;00:00:00;True
b45fdd8d-2422-4039-85aa-a799e00f8e41;28;MORIN;GABRIEL;Kelowna;ColombieBritannique;F5059;00:00:00;True
b45fdd8d-2422-4039-85aa-a799e00f8e41;7;ROBITAILLE;ALEXANDRE;Steinbach;Manitoba;F3039;00:00:00;True
b45fdd8d-2422-4039-85aa-a799e00f8e41;19;CÔTÉ;MAXIME;St. John's;TerreNeuveLabrador;F5059;00:00:00;True
b45fdd8d-2422-4039-85aa-a799e00f8e41;1;BOUCHARD;SIMON;Edmonton;Alberta;F2029;00:00:00;True
